"","CD_REFNIS_SECTOR","TX_SECTOR_DESCR_NL","n_food_establishments"
"1","11001A00-","AARTSELAAR-CENTRUM",2
"2","11002A01-","KLAPDORP - BROUWERSVLIET",2
"3","11002A02-","GROENPLAATS (SPAANSE WALLEN)",6
"4","11002A03-","HOOGSTRAAT (SPAANSE WALLEN)",5
"5","11002A04-","OUDAAN (SPAANSE WALLEN)",1
"6","11002A05-","GEVANGENIS (SPAANSE WALLEN)",2
"7","11002A10-","MEIR - LEYSSTRAAT (SP. WALLEN)",2
"8","11002A11-","KIPDORP-ST.-JACOBS (SP.WALLEN)",3
"9","11002A12-","K.N.S.-NAT. BANK (SP. WALLEN)",1
"10","11002A15-","HESSENHUIS (SPAANSE WALLEN)",2
"11","11002A22-","ST.-MICHIELSKAAI (SP. WALLEN)",2
"12","11002C20-","STATIEKWARTIER (STATIONSWIJK)",9
"13","11002C21-","ATHENEUM (STATIONSWIJK)",2
"14","11002C22-","DE CONINCPLEIN-Z.(STATIONSW.)",1
"15","11002C24-","PROVINCIESTRAAT(STATIONSWIJK )",3
"16","11002C25-","PELIKAANSTRAAT (STATIONSWIJK )",2
"17","11002C41-","DAMBRUGGESTRAAT-N.(STATIONSW.)",4
"18","11002C42-","DE ZAVEL (NOORDWIJK )",3
"19","11002D31-","ASTRID BAD (OOSTWIJK)",1
"20","11002D32-","ST.-VINCENTIUS (OOSTWIJK)",3
"21","11002D34-","DAGERAADPLAATS - OOSTSTATIE (OOSTWIJK)",4
"22","11002E131","VLAAMSE KAAI (ZUIDWIJK)",1
"23","11002E14-","MUSEUMWIJK (ZUIDWIJK)",3
"24","11002E15-","GERECHTSHOF (ZUIDWIJK)",1
"25","11002H40-","ST.-AMANDUS (NOORDWIJK)",3
"26","11002H41-","STUIVENBERG-WEST",3
"27","11002J85-","'T EILANDJE",1
"28","11002P03-","DE GEESTEN",1
"29","11002Q001","OUD MERKSEM",1
"30","11002R12-","CONFORTA",2
"31","11002S00-","BORGERHOUT - GEMEENTEHUIS",3
"32","11002S01-","FONTEINSTRAAT",1
"33","11002S03-","KROONSTRAAT-WEST",2
"34","11002S05-","KATTENBERG",3
"35","11002S30-","DE PEPERBUS",1
"36","11002T00-","OP TEN BERGH",3
"37","11002T30-","ZURENBORG",4
"38","11002V12-","WEERSTANDLAAN",1
"39","11005A00-","BOOM-CENTRUM",1
"40","11005A01-","ADVOKAATSTRAAT",1
"41","11008A30-","MARIA-TER-HEIDE",1
"42","11009B00-","SINT-LENAARTS-CENTRUM",1
"43","11013A00-","EDEGEM-CENTRUM",2
"44","11016A000","ESSEN-CENTRUM",2
"45","11016A010","HEUVEL",1
"46","11016A042","HONDSBERG",1
"47","11016A112","WILDERT-WEST",1
"48","11016A401","STATION",1
"49","11018A101","HEUVELSTRAAT",1
"50","11018A122","SINT-BERNARD",1
"51","11022A001","KALMTHOUT-CENTRUM-OOST",1
"52","11022A10-","KALMTHOUT-DORP",2
"53","11022A201","OUD-HEIDE",1
"54","11023A10-","PUTTE-CENTRUM",1
"55","11025A000","LINT-CENTRUM",1
"56","11029A00-","OUDE-GOD",1
"57","11030A00-","NIEL-CENTRUM",2
"58","11035C00-","BROECHEM-CENTRUM",1
"59","11037C12-","TURKIJE",1
"60","11038A000","SCHELLE-DORP",1
"61","11039A010","LINDENHOEK",1
"62","11040A00-","SCHOTEN-CENTRUM",1
"63","11040A201","DEUZELD",1
"64","11044A001","STABROEK-CENTRUM-WEST",1
"65","11044A032","STABROEK-CENTRUM-OOST",1
"66","11050A000","WIJNEGEM-CENTRUM-NOORD",1
"67","11050A274","DORENBOS",1
"68","11053A101","GOOREIND-KERN",1
"69","11055A000","ZOERSEL-CENTRUM",1
"70","11057A00-","WESTMALLE-CENTRUM",1
"71","11057B00-","OOSTMALLE-CENTRUM",1
"72","12005A000","BONHEIDEN-CENTRUM",1
"73","12007A001","BORNEM-CENTRUM",1
"74","12007A122","BRANDHEIDE",1
"75","12009A200","DUFFEL-CENTRUM-OOST",1
"76","12014A391","STEENPUTTEN",1
"77","12014E001","BOOISCHOT-CENTRUM",1
"78","12021A00-","LIER-CENTRUM-WEST",1
"79","12025A011","VLIETSE",2
"80","12025A02-","WINKELCENTRUM-(BRUUL-IJZ.LEEN)",5
"81","12025A10-","MECHELEN - STATIONSWIJK",2
"82","12026A01-","DORSEL",1
"83","12030A000","PUURS-CENTRUM",1
"84","13002A000","BAARLE-HERTOG -CENTRUM",1
"85","13003A00-","BALEN-CENTRUM",1
"86","13008A001","GEEL-CENTRUM",4
"87","13008A003","GEEL-CENTRUM STATION",3
"88","13008A20-","WINKELOMSEHEIDE-KERN",1
"89","13008A50-","ZAMMEL-KERN",1
"90","13008A820","ELZEN",1
"91","13008A900","SINT-DYMPHNA",1
"92","13010A021","EISTERLEE",1
"93","13011A040","HERENTALS - STATIONSWIJK",1
"94","13011B011","WOUD",1
"95","13013B00-","RAMSEL-KERN",1
"96","13014A00-","VRIJHEID",2
"97","13014A01-","VAN AERTSELAAR",1
"98","13014B00-","MINDERHOUT-DORP",1
"99","13016A000","HULSHOUT-KERN",2
"100","13016B000","WESTMEERBEEK-KERN",1
"101","13017A00-","KASTERLEE-CENTRUM",1
"102","13017A041","OSSENGOOR",1
"103","13017B091","NETEVALLEI - DIESTSE WEG",1
"104","13019A00-","LILLE-CENTRUM",2
"105","13019C000","GIERLE-CENTRUM",1
"106","13021A00-","MEERHOUT-CENTRUM",2
"107","13021A200","ZITTAART KERN",1
"108","13025A00-","MOL-CENTRUM",5
"109","13025A01-","TURNHOUTSEBAAN",1
"110","13025A700","MILLEGEM",1
"111","13029A000","OLEN-CENTRUM",1
"112","13029A12-","BUUL",1
"113","13029A20-","SINT-JOZEF-OLEN-KERN",1
"114","13031A000","OUD-TURNHOUT-CENTRUM",1
"115","13035B10-","SINT-JAN",1
"116","13037A001","RIJKEVORSEL-DORP",1
"117","13040A000","TURNHOUT-CENTRUM",2
"118","13040A622","DE WARANDE",1
"119","13046A001","VOSSELAAR-CENTRUM",1
"120","13046A042","BOLK",1
"121","13049A011","BOERENKRIJGLAAN",1
"122","13053C000","EINDHOUT-DORP",1
"123","13053D000","VORST-CENTRUM",1
"124","21001A02-","WAYEZ",1
"125","21001A10-","PORSELEIN",1
"126","21001A132","RAUTER-NORD",1
"127","21001A142","VEEWEIDE-NORD",1
"128","21001A712","SCHEUT - DE SMET",2
"129","21001A72-","OSSEGEM",1
"130","21001A85-","AUBADE",1
"131","21001B11-","DAUW-WEST",1
"132","21001B17-","SLACHTHUIS",1
"133","21001B20-","RAAD-NOORD",1
"134","21001B21-","BROGNIEZ-NOORD",1
"135","21001C581","KERKHOF",2
"136","21002A00-","CENTRUM-NOORD",1
"137","21002A02-","CENTRUM-ZUID",1
"138","21002A21-","LEBON",1
"139","21002A43-","VORSTLAAN-NORD",2
"140","21004A001","GROTE MARKT",10
"141","21004A002","BEURS",2
"142","21004A01-","OUD KORENHUIS",1
"143","21004A03-","BIJSTAND - ZUID PALEIS",3
"144","21004A04-","KAPELLEKERK",3
"145","21004A10-","CENTRAAL STATION",3
"146","21004A14-","GROTE ZAVEL",3
"147","21004A15-","JACOBSPLEIN",1
"148","21004A16-","JUSTITIEPALEIS - SINT-PIETERS HOSPITAAL",1
"149","21004A20-","BEURS-NOORDWEST",9
"150","21004A21-","ANNEESSENSPLEIN",1
"151","21004A22-","ZENNESTRAAT",1
"152","21004A23-","NIEUWE GRAANMARKT",2
"153","21004A24-","VARKENSMARKT",4
"154","21004A25-","BEGIJNHOFPLEIN",1
"155","21004A32-","CONGRES - STATION",1
"156","21004A33-","VRIJHEIDSPLEIN",2
"157","21004A34-","MUNT",4
"158","21004A35-","AD. MAXLAAN",5
"159","21004A70-","BLAESSTRAAT-ZUID",2
"160","21004A811","HANDELSKAAI",1
"161","21004A83-","E. JACQMAINLAAN-WEST",1
"162","21004B10-","ORBANSQUARE",1
"163","21004B411","TWEEKERKENSTRAAT",1
"164","21004B421","MARIE-LOUISESQUARE",2
"165","21004B43-","AMBIORIXSQUARE-NOORD",1
"166","21004B44-","AMBIORIXSQUARE-ZUID",1
"167","21004C52-","LOUIZALAAN-NOORDWEST",2
"168","21004C642","FRANKLIN ROOSEVELTLAAN",1
"169","21004D610","ANTWERPSE STEENWEG-ZUID",1
"170","21004D62-","ANTWERPSE STEENWEG-NOORD",2
"171","21004D6MJ","FABRIEKSKAAI-MONNOYER",3
"172","21004E130","HEILIG-HART",5
"173","21004E70-","MARIA-CHRISTINASTRAAT",1
"174","21004E74-","EM. DELVASTRAAT",1
"175","21004F922","KASTEEL BEYAERD",1
"176","21004G3NJ","HAREN-ZUID",1
"177","21005A031","MAALBEEK",4
"178","21005A051","RINSDELLE",1
"179","21005A11-","O.L. VROUW VAN HET HEILIG HART",1
"180","21005A14-","LEGERLAAN",1
"181","21005A20-","TERVURENSEPOORT - TONGERENSTR.",4
"182","21006A052","RUSTPLAATS",1
"183","21006A403","CICEROWIJK",3
"184","21007A61-","MONTENEGROSTRAAT",2
"185","21007A71-","ALSEMBERGSE STEENWEG",1
"186","21009A00-","CENTRUM",1
"187","21009A02-","MUSEUM",1
"188","21009A041","GEWIJDE BOOM",1
"189","21009A051","SINT-BONIFAAS",1
"190","21009A101","FLAGEYPLEIN",2
"191","21009A111","WERYSTRAAT",2
"192","21009A20-","KLEIN ZWITSERLANDPLEIN",2
"193","21009A21-","ZOMER",4
"194","21009A22-","HOGESCHOOL",1
"195","21009A301","BOONDAEL-NOORD",1
"196","21009A40-","LARIKSEN",1
"197","21009A41-","SINT-JORIS",1
"198","21009A42-","RENIER CHALON",1
"199","21009A501","LUXEMBURG PLEIN",2
"200","21009A53-","LONDENPLEIN",1
"201","21009A542","ANGLICAANSE KERK",1
"202","21009A552","NAAMSEPOORT",2
"203","21009A602","BELVEDERE",1
"204","21009A712","KASTELEINPLEIN-WEST",1
"205","21009A90-","SINT-FILIPPUS",2
"206","21010A00-","CENTRUM",1
"207","21010A03-","SPIEGEL",1
"208","21011A10-","VREDELAAN",1
"209","21011A30-","BOOGSCHUTTERS - FOUREZ",1
"210","21012A00-","CENTRUM",1
"211","21012A10-","HERTOGIN VAN BRABANT",1
"212","21012A20-","BAECK",1
"213","21012A54-","DELHAIZE",1
"214","21012A611","MEXICO",1
"215","21012A62-","BEVRIJDERS",1
"216","21012A63-","DUBRUCQ-NOORD",1
"217","21012A72-","LAVALLEE",2
"218","21013A01-","SPANJESTRAAT",2
"219","21013A02-","CAPOUILLETSTRAAT",3
"220","21013A101","VOORPLEIN",2
"221","21013A102","VOORPLEIN",1
"222","21013A40-","BARREEL",1
"223","21013A522","SCHOTLANDSTRAAT",1
"224","21013A623","FRANKRIJKSTRAAT",1
"225","21014A00-","SINT-JOOST PLAATS",2
"226","21014A02-","LIEFDADIGHEID",2
"227","21014A04-","HAACHTSE STEENWEG",5
"228","21014A05-","HOUWAERT",2
"229","21014A10-","SINT-FRANCISCUS",1
"230","21014A3MJ","MANHATTAN",1
"231","21015A00-","COLIGNONPLEIN",3
"232","21015A03-","JOSAPHATSTRAAT",1
"233","21015A05-","KONINKLIJKE SINT-MARIASTRAAT",6
"234","21015A152","PR. ELISABETH-NOORD",2
"235","21015A31-","VADERLAND",1
"236","21015A33-","WELDOENERSPLEIN",1
"237","21015A36-","CAMBIER E. STRAAT",1
"238","21015A40-","BRABANTSTRAAT",8
"239","21015A41-","VANDERLINDENSTRAAT",1
"240","21015A43-","NOORDSTATION",2
"241","21015A44-","KONINGINNELAAN",1
"242","21015A52-","LINTHOUTSTRAAT",1
"243","21015A53-","DAILLYPLEIN",1
"244","21015A54-","SMARAGDLAAN",2
"245","21015A612","BRICHAUTSTRAAT",3
"246","21015A64-","DUPLOYE SQUARE",2
"247","21015A70-","P. HYMANSSTRAAT",1
"248","21016A02-","ALSEMBERG-NOORD",3
"249","21016A322","STEENWEG OP WATERLOO-OOST",1
"250","21016A400","SINT-JOB",1
"251","21016A772","ZWARTEBEEK",1
"252","21018A04-","BEETEPUT",2
"253","21018A20-","GEORGES HENRILAAN",1
"254","21018A84-","KAPELLEVELD-NOORDOOST",1
"255","21018A87-","SINT-LUCAS",3
"256","21019A21-","MANOIR",1
"257","21019A40-","SINT-ALEIDIS",1
"258","21019A42-","SALOMELAAN",1
"259","23002A00-","ASSE - CENTRUM",1
"260","23002A400","KROKEGEM - KERN",1
"261","23003C00-","DWORP-CENTRUM",1
"262","23027A00-","HALLE-CENTRUM",4
"263","23027A011","BASCUUL",1
"264","23027A100","SINT-ROCHUS-KERN",1
"265","23045A000","LONDERZEEL-CENTRUM",1
"266","23047A00-","MACHELEN-CENTRUM",1
"267","23050B00-","WOLVERTEM - CENTRUM",1
"268","23052A00-","MERCHTEM-CENTRUM",2
"269","23052A0MA","INDUSTRIE",1
"270","23060A00-","OPWIJK-CENTRUM",1
"271","23062A00-","OVERIJSE-KERN",1
"272","23077A20-","NEGENMANNEKE -STW.OP BERGEN-W.",1
"273","23077A21-","NEGENMANNEKE -STW.OP BERGEN-O.",1
"274","23077E00-","RUISBROEK-CENTRUM",1
"275","23086A100","TERNAT STATION - ASSESTEENWEG",1
"276","23088A01-","VILVOORDE LEUVENSESTR.(CENTR.)",1
"277","23088A03-","BROEK (CENTRUM)",1
"278","23088A301","OUD KONINGSLO",1
"279","23094A00-","ZAVENTEM-CENTRUM",1
"280","23094A010","HOOGSTRAAT",1
"281","23094A03-","DAAL",1
"282","23094A05-","VILVOORDELAAN",1
"283","23094C001","STERREBEEK-CENTRUM",2
"284","23096B00-","HOFSTADE-KERN",1
"285","23096E000","EPPEGEM - DORP",1
"286","23098A0MS","KANAAL-MOZART",1
"287","23102A00-","WEMMEL-CENTRUM",1
"288","23102A11-","DE LIMBURGSE STRIRUM",1
"289","24001A011","BONEWIJK",1
"290","24001A122","LITER",1
"291","24001B19-","WOLFSDONK-VERSPREIDE BEWONING",1
"292","24001C001","RILLAAR-CENTRUM",1
"293","24007A00-","BEGIJNENDIJK-CENTRUM",1
"294","24007B00-","BETEKOM-KERN",1
"295","24016A00-","BOUTERSEM-CENTRUM",1
"296","24020A003","HASSELTSESTRAAT",2
"297","24020A004","SCHAFFENSE POORT",2
"298","24020A02-","LEUVENSE EN HASSELTSE POORT",1
"299","24033A000","HAACHT-KERN",1
"300","24038B012","IJZERENBERG",1
"301","24041A000","HOEGAARDEN-CENTRUM",1
"302","24059A01-","LANDEN STATION",1
"303","24062A00-","LEUVEN-CENTRUM",8
"304","24062A02-","LEUVEN STADSPARK",2
"305","24062A03-","DAMIAANPLEIN",1
"306","24062A10-","LEUVEN DIESTSE STRAAT",1
"307","24062A13-","VAN MONSSTRAAT",1
"308","24062A20-","BONDGENOTENLAAN",1
"309","24062A21-","LEPELSTRAAT",1
"310","24062A30-","TIENSESTRAAT",3
"311","24062A44-","REDINGEN",1
"312","24062A51-","BRUUL",3
"313","24062B100","PUTKAPEL-CENTRUM",1
"314","24062C00-","BLAUWPUT-CENTRUM",2
"315","24062C41-","BELLE VUE",1
"316","24062C50-","BENEDEN KESSEL",1
"317","24062D03-","HEVERLEE STATION",1
"318","24062D10-","SINT-ANTONIUS",1
"319","24094A00-","ROTSELAAR-CENTRUM",1
"320","24104A001","TERVUREN-CENTRUM",2
"321","24107A00-","TIENEN-CENTRUM",1
"322","24107A04-","KLINIEK",1
"323","24107A50-","VIANDERDAL",1
"324","24107D00-","KUMTICH-CENTRUM",1
"325","24109A00-","TREMELO-KERN",1
"326","24134A011","STATIONSSTRAAT",1
"327","24134D01-","STEENWEG AVERBODE - LANGDORP",1
"328","24134E00-","AVERBODE-KERN",1
"329","24135C012","WINGE-VELD",2
"330","25014A00-","BRAINE-L'ALLEUD-CENTRE",1
"331","25014A01-","STATION",2
"332","25014A05-","CASTEGIER",1
"333","25014A13-","HAUTE BORNE",1
"334","25014A410","MONT SAINT-PONT",1
"335","25015A00-","BRAINE-LE-CHATEAU-CENTRE",1
"336","25023A022","AVENUE DES COMBATTANTS",1
"337","25048A00-","LE MARCHE",1
"338","25072A001","NIVELLES-CENTRE-NORD",3
"339","25072A02-","ECOLE NORMALE",1
"340","25105A000","TUBIZE-CENTRE",2
"341","25110A00-","WATERLOO-CENTRE",2
"342","25112A001","WAVRE-CENTRE VILLE",2
"343","25112A011","SABLON",2
"344","25112A191","LONG CHAMP",1
"345","25121A402","LOUVAIN-LA-NEUVE-CENTRE",5
"346","25121A503","BICREAU-CENTRE",1
"347","25124A001","WALHAIN-SAINT-PAUL-CENTRE",1
"348","31004A00-","BLANKENBERGE-CENTRUM",3
"349","31004A04-","MARKTWIJK",1
"350","31005A001","BRUGGE-CENTRUM - BELFORT",2
"351","31005A501","GENTWEG",1
"352","31005A60-","SMEDENPOORT",2
"353","31005A701","SINT-GILLIS",1
"354","31005B70-","ZEEBRUGGE - DE MOLE",2
"355","31005E042","SINT-KRUIS - KRUISPORT",2
"356","31005H001","SINT-ANDRIES - CENTRUM",1
"357","31005H201","LEOPOLDWIJK",1
"358","31006F00-","SIJSELE-CENTRUM",1
"359","31022A000","OOSTKAMP-CENTRUM",1
"360","31033A001","TORHOUT-KERN",1
"361","31033A052","TORHOUT-CENTRUM-NOORD",1
"362","31043A00-","KNOKKE-DORP",1
"363","31043A10-","KNOKKE - CENTRUM",1
"364","32010A001","KOEKELARE-CENTRUM-KERN",1
"365","33011A001","IEPER-CENTRUM",1
"366","33029A01-","STATION",1
"367","34022A00-","KORTRIJK-CENTRUM",2
"368","34022A50-","OVERLEIE",1
"369","34022A54-","WARANDE",1
"370","34022B001","HEULE-KERN",1
"371","34027A052","STADSPARK",1
"372","34040A001","WAREGEM - CENTRUM",3
"373","34041A001","WEVELGEM-CENTRUM",2
"374","34041B000","GULLEGEM - DORPSPLEIN",1
"375","34043A01-","IJZEREN BAREEL",1
"376","35002A101","SAS-SLIJKENS - OOST",1
"377","35013A01-","POST - MERCATORDOK",1
"378","35013A02-","A. BUYLSTRAAT",1
"379","36007A191","INGELMUNSTER-VERSP.BEW.-ZUIDO.",1
"380","36008A001","IZEGEM-CENTRUM-OOST",1
"381","36011A033","LICHTERVELDE-CENTRUM - STATION",1
"382","36012A001","MOORSLEDE-CENTRUM",1
"383","36012A022","IEPERSESTRAAT",1
"384","36015A001","ROESELARE-CENTRUM",6
"385","36015A01-","HEILIG HART",1
"386","36015A822","FORT",1
"387","36019B00-","OOSTNIEUWKERKE-CENTRUM",1
"388","37012A001","RUISELEDE-CENTRUM",1
"389","37015A00-","TIELT-CENTRUM",1
"390","37018A00-","WINGENE-CENTRUM",1
"391","38014B10-","OOSTDUINKERKE - BAD",1
"392","41002A012","AALST - STATION",1
"393","41002A031","ZEEBERG",1
"394","41002A71-","DUIVEKEET",1
"395","41002A721","PUITEPUT",1
"396","41018A00-","GERAARDSBERGEN-CENTRUM",1
"397","41018A02-","STATIONSWIJK",1
"398","41024A00-","HAALTERT-DORP",1
"399","41048A001","NINOVE-CENTRUM",1
"400","41048A022","ABDIJ",1
"401","41048A04-","POLDERKWARTIER",1
"402","41081A00-","ZOTTEGEM-CENTRUM",1
"403","42006C042","SINT-GILLISLAAN-OOST",1
"404","42008A001","HAMME-CENTRUM",1
"405","42010A01-","STEENTJEN",1
"406","42011A001","LEBBEKE-CENTRUM",3
"407","42025A011","WETTEREN-CENTRUM SCHELDEKAAI",1
"408","42025A022","WETTEREN-CENTRUM - MOLENSTRAAT",1
"409","42025A201","OVERSCHELDE-CENTRUM",1
"410","42025A812","STATIEKOUTER",2
"411","42026A010","OUD DORP",1
"412","42026C001","SCHELLEBELLE-CENTRUM",1
"413","42028A001","ZELE-CENTRUM",1
"414","42028A021","KOUTER-ZUID",1
"415","43002A001","ASSENEDE-CENTRUM",1
"416","43005A00-","EEKLO-CENTRUM",1
"417","43014C10-","BENTILLE",1
"418","44001A001","AALTER-CENTRUM",1
"419","44011A000","MARKT - TOLPOORTSTRAAT - KNOK",6
"420","44011K100","BACHTE - KERN",1
"421","44012A00-","DE PINTE-DORP",1
"422","44019C001","ERTVELDE-CENTRUM",1
"423","44020A00-","GAVERE-KERN",1
"424","44021A00-","KUIP",3
"425","44021A01-","SINT-JACOBS",4
"426","44021A02-","KOUTER",1
"427","44021A03-","PATERSHOL",6
"428","44021A20-","GENT-CENTRUM-ZUID",1
"429","44021A221","BRUSSELSE POORT",1
"430","44021A31-","NEDERKOUTER",3
"431","44021A321","SINT-PIETERS",2
"432","44021A33-","HEUVELPOORT",3
"433","44021A35-","STATION",3
"434","44021A542","GROENDREEF",1
"435","44021A63-","TOLHUIS",10
"436","44021A711","EKKERGEM",1
"437","44021A801","WONDELGEMSTRAAT",3
"438","44021B321","KAUWPLEIN",1
"439","44021B433","STEENAKKER",1
"440","44021C72-","MUIDEBRUG",2
"441","44021D10-","LOURDES",1
"442","44021E00-","SINT-AMANDSBERG CENTRUM",1
"443","44021E021","GROOT BEGIJNHOF",5
"444","44021E32-","DAMPOORT",5
"445","44021G00-","LEDEBERG-CENTRUM",6
"446","44021G01-","FLORA",1
"447","44021G200","MERELBEKE STATION",1
"448","44021H001","ZWIJNAARDE-CENTRUM",1
"449","44021K001","DRONGEN DORP",1
"450","44021M00-","WONDELGEM CENTRUM",1
"451","44021M01-","WESTERGEM",1
"452","44021M102","VAN BEVEREPLEIN",1
"453","44034A000","LOCHRISTI CENTRUM",2
"454","44045A001","MOERBEKE CENTRUM",1
"455","44048B000","EKE-CENTRUM",1
"456","44064A02-","KORTRIJKSESTEENWEG",1
"457","45035A001","OUDENAARDE-CENTRUM",3
"458","45035A701","EINE-KERN",1
"459","45041A51-","KAPELLESTRAAT",1
"460","45063B00-","HEMELVEERDEGEM-CENTRUM",1
"461","46003A011","VINCKENDAM",1
"462","46003A032","BOSDAM",1
"463","46003A043","DONKVIJVER - ARENBERG",1
"464","46013C012","GEERAARD DE CREMERSTRAAT",1
"465","46020A001","SINT-GILLIS-WAAS-DORP",1
"466","46021A001","SINT-NIKLAAS - MARKT",1
"467","46021A021","WESTERBUURT",2
"468","46025A012","EEKHOUTDRIES - VOLKSPLAATS",1
"469","51004A00-","ATH-CENTRE",2
"470","52011A00-","CHARLEROI - VILLE HAUTE",3
"471","52011E01-","CENTENAIRE",1
"472","52011E50-","NEUVILLE",1
"473","52011G021","LES GLACIERES",1
"474","52011G0CY","CHERBOIS",1
"475","52011H001","MONT-SUR-MARCHIENNE",1
"476","52015C01-","TRAZEGNIES-CENTRE",1
"477","52021B10-","LE CASTOR",1
"478","53020A01-","PONT-A-CAVANIS",1
"479","53053A00-","MONS-CENTRE",3
"480","53053A04-","MONS STATION",4
"481","53053A051","WAROCQUE",1
"482","53053A392","LES BASSINS",2
"483","53053A912","PRISON",1
"484","53053D19-","BOIS DE GHLIN",1
"485","53053E001","NIMY-CENTRE",1
"486","53070A022","SAINT-LO",1
"487","53070A17-","CRIQUELIONS",1
"488","54007A001","MOUSCRON-CENTRE",2
"489","54007A501","COQ-ANGLAIS",1
"490","55010A00-","ENGHIEN-CENTRE",1
"491","55010A01-","PARC",1
"492","55022A00-","LA LOUVIERE-CENTRE",3
"493","55022A02-","LA LOUVIERE - PARC",1
"494","55022A41-","FLACHE",2
"495","55022A73-","MANSART - PARC GILSON",2
"496","56011A01-","PALAIS DE JUSTICE",2
"497","56011A02-","POSTE",2
"498","56011B00-","RESSAIX-CENTRE",1
"499","56087A001","MORLANWELZ-MARIEMONT - CENTRE COMMERCIAL",1
"500","56087A02-","MORLANWELZ - STATION",1
"501","56087B00-","CARNIERES-CENTRE",1
"502","57081A00-","TOURNAI-CENTRE",3
"503","57081A011","SEMINAIRE - SAINT-PIAT",1
"504","57081A052","SAINT-JACQUES",2
"505","57081P00-","ORCQ-CENTRE",1
"506","61003A00-","AMAY-CENTRE",2
"507","61003A03-","WEHAIRON",1
"508","61031A00-","HUY-CENTRE",2
"509","61043A39-","CHAUSSEE",1
"510","61072A00-","WANZE-CENTRE",1
"511","62009A001","AYWAILLE-CENTRE",2
"512","62022D01-","BECHURON - RANSY",1
"513","62032A01-","ESNEUX - RIVE DROITE",1
"514","62032B00-","TILFF-CENTRE",2
"515","62038A02-","CROUPET",1
"516","62063A00-","SAINT-LAMBERT",6
"517","62063A01-","FERONSTREE",2
"518","62063A03-","SAINT-JEAN",2
"519","62063A30-","SAINTE-MARIE",1
"520","62063A32-","PARADIS",2
"521","62063A331","FRAGNEE",1
"522","62063A540","DELIN-HESBAYE",1
"523","62063A70-","MAGHIN",2
"524","62063B10-","YSER",7
"525","62063B11-","DOS-FANCHON",1
"526","62063B12-","CONGRES",1
"527","62063D001","DERRIERE-LA-VILLE",1
"528","62063D301","PILZEN",1
"529","62063E00-","BRESSOUX-CENTRE",1
"530","62063G001","CHENEE-CENTRE",1
"531","62063K20-","CLINIQUE",1
"532","62063L1AN","CLOSERAIE",1
"533","62079B00-","HACCOURT-CENTRE OUEST",1
"534","62079D009","VIVEGNIS-CENTRE",1
"535","62096A000","FOND DE SERAING",2
"536","62096A100","LIZE EST",1
"537","62096A533","BEAU-SEJOUR-PLAINEVAUX",1
"538","62096A552","LIBERTE-PLAINE DES SPORTS",1
"539","62096D03-","LES GONHIS",1
"540","62096D032","CARREFOUR NIC JANSSENS",2
"541","62099D319","LABOUXHE",1
"542","62108A001","VISE-CENTRE",2
"543","62118A001","GRACE-BERLEUR-CENTRE",2
"544","62120A811","FLEMALLE-GRANDE-CENTRE SUD",1
"545","62121A101","ROGNAC",1
"546","63003A000","AUBEL CENTRE",1
"547","63012A000","BULLINGEN-ZENTRUM",1
"548","63023A001","EUPEN-ZENTRUM",2
"549","63023A110","NEUSTRASSE - BERGSTRASSE",1
"550","63023A20-","HAAS",3
"551","63023B21-","SCHONE AUSSICHT WEST",1
"552","63040A00-","KELMIS-ZENTRUM",1
"553","63040B00-","NEU MORESNET-ZENTRUM",1
"554","63061A000","DRIESCH",1
"555","63067A01-","AACHENSTR.-BAHNHOF-EISENBAHN",1
"556","63076A00-","THEUX-CENTRE",1
"557","63079A02-","NOTRE DAME DE RECOLLETS",1
"558","63079A03-","GARES CENTRALE ET OUEST",1
"559","63079E009","ENSIVAL-CENTRE",1
"560","63086A00-","TROIS-PONTS-CENTRE",1
"561","64034A00-","HANNUT-CENTRE",1
"562","71004A001","BERINGEN-CENTRUM",1
"563","71004A032","GEITELING - MOLENVELD",1
"564","71004A043","KOLMEN",2
"565","71004B00-","PAAL-CENTRUM",2
"566","71004B210","RIJSSEL",1
"567","71004C001","KOERSEL-DORP",2
"568","71004C022","SCHRIKHEIDE",1
"569","71004C20-","BERINGEN-MIJN-TUINWIJK KOERSEL",3
"570","71004D001","BEVERLO-DORP",1
"571","71004D20-","BERINGEN-MIJN-TUINWIJK BEVERLO",3
"572","71011A001","DIEPENBEEK-CENTRUM",1
"573","71016A03-","GENK-CENTRUM - NOORD",3
"574","71016A300","WINTERSLAG - TUINWIJK I",4
"575","71016A42-","WINTERSLAG - TUINWIJK II & IV",1
"576","71016B1AB","WATERSCHEI-ZUID",1
"577","71016B1BB","WATERSCHEI-NOORD",3
"578","71016B2AA","ZWARTBERG-ZUID",1
"579","71017A012","GINGELOM-CENTRUM-ZUID",1
"580","71022A001","HASSELT-CENTRUM-OOST",3
"581","71022A011","KEMPISCHE POORT",1
"582","71022A301","RUNKST - SINT-HUBERTUS",2
"583","71022A412","WILLEMSWIJK",1
"584","71022A423","VRIJWILLIGERSPLEIN",2
"585","71022A501","BANNEUXWIJK",1
"586","71022A512","KEMPENHOF",2
"587","71022A702","RAPERTINGEN",1
"588","71022A901","KIEWIT - VIJVERSTRAAT",1
"589","71022D20-","NEGENBUNDERS",1
"590","71022E012","KUILBERG",1
"591","71022F00-","KERMT-CENTRUM",2
"592","71022G000","SPALBEEK-KERN",1
"593","71022H000","STEVOORT-CENTRUM",1
"594","71034A00-","LEOPOLDSBURG-CENTRUM",2
"595","71034A021","KLEINE ZAVELHEIDE",1
"596","71037A001","LUMMEN-CENTRUM",3
"597","71047A00-","OPGLABBEEK-CENTRUM - VINKENKANT - OPHOVEN",1
"598","71047A200","NIEUWE KEMPEN-KERN",1
"599","71057A000","TESSENDERLO-CENTRUM",3
"600","71057A031","STATIONSTRAAT - DIASTERSTRAAT",1
"601","71057A101","HULST-KERN",1
"602","71066A001","ZONHOVEN-CENTRUM",1
"603","71067A001","ZUTENDAAL-CENTRUM",1
"604","71069A001","OOSTHAM-CENTRUM",2
"605","71070A001","HEUSDEN-CENTRUM",1
"606","71070A010","HEUSDEN CENTRUM - DE HOEVEN",2
"607","71070B001","ZOLDER-CENTRUM",1
"608","71070B100","BOEKT-KERN",1
"609","71070B300","VOORT",1
"610","72003A00-","BOCHOLT-CENTRUM",2
"611","72003C00-","KAULILLE-KERN",1
"612","72004A011","STADSRAND-WEST (OOST KANT)",2
"613","72018A022","KINROOI-CENTRUM-NOORD",1
"614","72018B001","MOLENBEERSEL-CENTRUM",1
"615","72018C012","KESSENICH - VENLOSE STEENWEG",1
"616","72020A100","LUTLOMMEL-CENTRUM",3
"617","72020A815","KLINIEK",1
"618","72021A00-","MAASEIK-CENTRUM",1
"619","72021B002","MAASEIKERLAAN-NOORD",1
"620","72025A00-","NEERPELT-CENTRUM",1
"621","72029A000","OVERPELT-CENTRUM",1
"622","72029A03-","HASPERSHOVEN",2
"623","72029A30-","LINDEL - CENTRUM",1
"624","72030A00-","PEER-CENTRUM",1
"625","72030D00-","WIJCHMAAL-CENTRUM",1
"626","72037A032","STAD - UITBREIDING",1
"627","72038A012","HECHTEL-CENTRUM-NOORDOOST",1
"628","72038A034","HECHTEL-CENTRUM-ZUIDWEST",1
"629","72038B00-","EKSEL-CENTRUM",2
"630","72039A000","HOUTHALEN-CENTRUM-WEST",2
"631","72039A02-","HOUTHALEN-CENTRUM-OOST",1
"632","72039B012","HELCHTEREN-KERN-WEST",1
"633","72040A00-","MEEUWEN-CENTRUM",1
"634","72040D00-","GRUITRODE-CENTRUM",2
"635","72041B001","ROTEM-CENTRUM",1
"636","72041E020","MULHEIM - RACHELS - NOTEBORN",1
"637","73001A211","ZWARTE WINNING",1
"638","73006A011","TABBAART",1
"639","73006A020","BILZEN - STATION",1
"640","73006A099","KATTEBERG",1
"641","73006M012","RIJKHOVEN - BAMMESTRAAT",1
"642","73009A019","STATION",1
"643","73009A032","ST. ROCHUS",1
"644","73022A012","DE BILTER",1
"645","73032A000","HOESELT-CENTRUM",1
"646","73042A001","LANAKEN-CENTRUM",1
"647","73042A10-","SMEERMAAS",1
"648","73042D00-","VELDWEZELT-CENTRUM",1
"649","73066A000","RIEMST-KERN",1
"650","73066B00-","HERDEREN-KERN",2
"651","73066D08-","VAART-NOORD-VERSPR. BEWONING",1
"652","73083A001","TONGEREN-CENTRUM",2
"653","73083A401","MOTMOLEN",1
"654","73098A00-","WELLEN-CENTRUM",1
"655","73107A001","MECHELEN-AAN-DE-MAAS-CENTRUM",2
"656","73107D101","PAUWENGRAAF",1
"657","73107D123","DRAAIMORTEL",1
"658","73107D201","TUINWIJK",1
"659","81001A00-","SAINT-DONAT",2
"660","81001A02-","SAINT-MARTIN",1
"661","81001A031","ARLON-CENTRE-NORD",1
"662","81004A033","AUBANGE-NORD-OUEST",1
"663","81004B00-","ATHUS-CENTRE",1
"664","82032A00-","VIELSALM-CENTRE",1
"665","83012E001","BARVAUX-CENTRE",2
"666","83034A04-","NOTRE-DAME",1
"667","83034C081","AYE - HABITATIONS DISP. -  EST",1
"668","84009A00-","BERTRIX-CENTRE",1
"669","84033C10-","TRAIMONT-CENTRE",1
"670","84043A00-","NEUFCHATEAU-CENTRE",1
"671","84077A10-","LIBRAMONT CENTRE NORD-CLINIQUE",1
"672","85011A000","FLORENVILLE-CENTRE",1
"673","85026A00-","MUSSON-CENTRE",1
"674","85046A000","HABAY-LA-NEUVE-CENTRE",1
"675","91030A03-","RUE DES STATIONS",1
"676","91034A001","DINANT-CENTRE - RUE GRANDE",2
"677","91034A042","DINANT-CENTRE - RUE SAXE",1
"678","92094A001","HOTEL DE VILLE",8
"679","92094A031","PARC - FACULTES",1
"680","92094A05-","PORTE DE BRUXELLES",1
"681","92094A401","SALZINNES-CENTRE",1
"682","92094A601","PONT DE LOUVAIN",2
"683","92094A702","QUARTIER SAINT-LOUP",4
"684","92094B00-","JAMBES-CENTRE",1
"685","92094B221","CITE DU SOUVENIR",1
"686","92137C02-","LE ROTON",1
"687","92140A00-","JEMEPPE-CENTRE",1
"688","92142A00-","GEMBLOUX-CENTRE",4
"689","92142A021","LEON NAMECHE",2
"690","93056A00-","PHILIPPEVILLE-CENTRE",1
